{
    "MT-Swin-Improved": {
        "test": {
            "species_accuracy_total": 0.9085043988269794,
            "species_f1_macro": 0.7491480816970336,
            "species_accuracy_per_group": {
                "Majority": 0.9649797138586377,
                "Minority": 0.8625118934348239,
                "Neutral": 0.9064587973273942,
                "Ultra-Rare": 0.493573264781491,
                "Unknown": 0.0
            },
            "trait_ap_adipose_fin": 0.9997090677689129,
            "trait_ap_pelvic_fin": 0.9998679135814542,
            "trait_ap_barbel": 0.9832528788211482,
            "trait_ap_multiple_dorsal_fin": 0.9959851877665625,
            "trait_mAP": 0.9947037619845194,
            "segmentation_mIoU": 0.7474481463432312
        },
        "test_ood": {
            "species_accuracy_total": 0.013727560718057022,
            "species_f1_macro": 0.007577306414515717,
            "species_accuracy_per_group": {
                "Ultra-Rare": 0.042483660130718956,
                "Unknown": 0.0
            },
            "trait_ap_adipose_fin": 0.98470066518847,
            "trait_ap_pelvic_fin": 0.9993987544472891,
            "trait_ap_barbel": 0.9609285386042049,
            "trait_ap_multiple_dorsal_fin": 0.7124781826861128,
            "trait_mAP": 0.9143765352315192,
            "segmentation_mIoU": 0.7499727010726929
        },
        "test_manual": {
            "species_accuracy_total": 0.9142857142857143,
            "species_f1_macro": 0.78,
            "species_accuracy_per_group": {
                "Minority": 0.95,
                "Ultra-Rare": 0.8666666666666667
            },
            "trait_ap_adipose_fin": 0.0,
            "trait_ap_pelvic_fin": 0.9565000785423705,
            "trait_ap_barbel": 0.0,
            "trait_ap_multiple_dorsal_fin": 0.8091777666777666,
            "trait_mAP": 0.4414194613050343,
            "segmentation_mIoU": 0.8837483525276184
        }
    },
    "Baseline-MaxViT-Base": {
        "test": {
            "species_accuracy_total": 0.8963049853372435,
            "species_f1_macro": 0.7208462110029171,
            "species_accuracy_per_group": {
                "Majority": 0.9555840273329063,
                "Minority": 0.8372978116079924,
                "Neutral": 0.8916109873793615,
                "Ultra-Rare": 0.5269922879177378,
                "Unknown": 0.0
            }
        },
        "test_ood": {
            "species_accuracy_total": 0.013727560718057022,
            "species_f1_macro": 0.005035073300396364,
            "species_accuracy_per_group": {
                "Ultra-Rare": 0.042483660130718956,
                "Unknown": 0.0
            }
        },
        "test_manual": {
            "species_accuracy_total": 0.8571428571428571,
            "species_f1_macro": 0.6803030303030303,
            "species_accuracy_per_group": {
                "Minority": 0.9,
                "Ultra-Rare": 0.8
            }
        }
    },
    "Baseline-MaxViT-Tiny": {
        "error": "Checkpoint not found"
    }
}