{
    "test": {
        "species_accuracy_total": 0.8764809384164223,
        "species_f1_macro": 0.6656637365813461,
        "species_accuracy_per_group": {
            "Majority": 0.9587871022848601,
            "Minority": 0.7730732635585157,
            "Neutral": 0.8767631774313289,
            "Ultra-Rare": 0.4524421593830334,
            "Unknown": 0.0
        },
        "trait_ap_adipose_fin": 0.9982781789760812,
        "trait_ap_pelvic_fin": 0.9998639616387772,
        "trait_ap_barbel": 0.9907005691986444,
        "trait_ap_multiple_dorsal_fin": 0.9954969564643519,
        "trait_mAP": 0.9960849165694637,
        "segmentation_mIoU": 0.7833621501922607
    },
    "test_ood": {
        "species_accuracy_total": 0.00897571277719113,
        "species_f1_macro": 0.004674048932006545,
        "species_accuracy_per_group": {
            "Ultra-Rare": 0.027777777777777776,
            "Unknown": 0.0
        },
        "trait_ap_adipose_fin": 0.9982706860534287,
        "trait_ap_pelvic_fin": 0.9987057910568363,
        "trait_ap_barbel": 0.9672958991947544,
        "trait_ap_multiple_dorsal_fin": 0.6169787137370661,
        "trait_mAP": 0.8953127725105214,
        "segmentation_mIoU": 0.7683092355728149
    },
    "test_manual": {
        "species_accuracy_total": 0.8285714285714286,
        "species_f1_macro": 0.6666666666666666,
        "species_accuracy_per_group": {
            "Minority": 1.0,
            "Ultra-Rare": 0.6
        },
        "trait_ap_adipose_fin": 0.0,
        "trait_ap_pelvic_fin": 0.986670014357827,
        "trait_ap_barbel": 0.0,
        "trait_ap_multiple_dorsal_fin": 0.7041117216117216,
        "trait_mAP": 0.4226954339923872,
        "segmentation_mIoU": 0.928419828414917
    }
}